{"Loss/train": 5.505514144897461, "Gradient norm": 2.8911221027374268, "Learning Rate": 0.001, "Batch": 10, "Instances Seen": 352, "_timestamp": 1718712466.81303, "_runtime": 8.0244140625, "_step": 10}