{"Loss/train": 2.725750207901001, "Gradient norm": 0.3520992696285248, "Learning Rate": 0.001, "Batch": 200, "Instances Seen": 6432, "_timestamp": 1718531109.669517, "_runtime": 168.0858931541443, "_step": 201, "bytes per char: ": 4.5097375}