{"Loss/train": 3.903674364089966, "Gradient norm": 0.958369791507721, "Learning Rate": 0.001, "Batch": 59, "Instances Seen": 1920, "_timestamp": 1718368145.7791228, "_runtime": 39.83279490470886, "_step": 59}