{"Loss/train": 3.530513286590576, "Gradient norm": 0.20142324268817902, "Learning Rate": 0.001, "Batch": 3800, "Instances Seen": 121632, "_timestamp": 1718967302.440338, "_runtime": 4842.8827068805695, "_step": 3818, "Bits per byte": 5.0551234375}