{"Loss/train": 3.4105076789855957, "Gradient norm": 0.3867039084434509, "Learning Rate": 0.001, "Batch": 200, "Instances Seen": 6432, "Time per batch": 0.3759591579437256, "_timestamp": 1718739994.716016, "_runtime": 140.60374903678894, "_step": 200}