{"Loss/train": 5.550707817077637, "Gradient norm": 2.9312081336975098, "Learning Rate": 0.001, "Batch": 9, "Instances Seen": 320, "_timestamp": 1718389580.048105, "_runtime": 8.124063968658447, "_step": 9}