{"Loss/train": 5.454898834228516, "Gradient norm": 2.8506293296813965, "Learning Rate": 0.001, "Batch": 11, "Instances Seen": 384, "_timestamp": 1718044309.430634, "_runtime": 8.838206052780151, "_step": 11}