{"Loss/train": 2.725750207901001, "Gradient norm": 0.3520992696285248, "Learning Rate": 0.001, "Batch": 200, "Instances Seen": 6432, "_timestamp": 1718531330.1555562, "_runtime": 167.03502011299133, "_step": 201, "bytes per char: ": 4.503541796875}