{"Loss/train": 4.204933166503906, "Gradient norm": 1.495583176612854, "Learning Rate": 0.001, "Batch": 40, "Instances Seen": 1312, "_timestamp": 1718713024.401342, "_runtime": 160.8680980205536, "_step": 43, "bytes per char: ": 6.4411703125}