{"Loss/train": 3.0634500980377197, "Gradient norm": 0.41561827063560486, "Learning Rate": 0.001, "Batch": 106, "Instances Seen": 3424, "_timestamp": 1718531487.861108, "_runtime": 118.97394609451294, "_step": 107, "bytes per char: ": 4.5161046875}