{"Loss/train": 2.668728828430176, "Gradient norm": 0.34181827306747437, "Learning Rate": 0.001, "Batch": 241, "Instances Seen": 7744, "_timestamp": 1718712428.467753, "_runtime": 242.74935793876648, "_step": 243, "bytes per char: ": 3.953364453125}