{"Loss/train": 5.550707817077637, "Gradient norm": 2.9312081336975098, "Learning Rate": 0.001, "Batch": 9, "Instances Seen": 320, "_timestamp": 1718369725.848178, "_runtime": 7.528328895568848, "_step": 9}