{"Loss/train": 4.9487624168396, "Gradient norm": 2.1970462799072266, "Learning Rate": 0.001, "Batch": 20, "Instances Seen": 672, "_timestamp": 1718713364.519139, "_runtime": 60.17478609085083, "_step": 21, "bytes per char: ": 7.9997125}