{"Loss/train": 4.294901371002197, "Gradient norm": 1.1711996793746948, "Learning Rate": 0.001, "Batch": 8, "Instances Seen": 288, "Time per batch": 0.280073881149292, "_timestamp": 1718797043.583222, "_runtime": 6.914482831954956, "_step": 8}