{"Loss/train": 4.43489933013916, "Gradient norm": 1.7271409034729004, "Learning Rate": 0.001, "Batch": 31, "Instances Seen": 1024, "_timestamp": 1718044222.798551, "_runtime": 25.698567152023315, "_step": 31}