{"Loss/train": 3.477369785308838, "Gradient norm": 0.15541821718215942, "Learning Rate": 0.001, "Batch": 75, "Instances Seen": 2432, "Time per batch": 0.3199937343597412, "_timestamp": 1718797111.7101781, "_runtime": 41.16058921813965, "_step": 75}