{"Loss/train": 2.6514053344726562, "Gradient norm": 0.38432902097702026, "Learning Rate": 0.001, "Batch": 232, "Instances Seen": 7456, "_timestamp": 1718044570.624219, "_runtime": 238.0335910320282, "_step": 234, "bytes per char: ": 3.922191796875}