{"Loss/train": 4.9487624168396, "Gradient norm": 2.1970462799072266, "Learning Rate": 0.001, "Batch": 20, "Instances Seen": 672, "_timestamp": 1718713139.8751261, "_runtime": 58.19631624221802, "_step": 21, "bytes per char: ": 8.00141015625}