{"Loss/train": 5.583502292633057, "Gradient norm": 2.851581573486328, "Learning Rate": 0.001, "Batch": 8, "Instances Seen": 288, "_timestamp": 1718389626.6449652, "_runtime": 7.151769161224365, "_step": 8}