{"Loss/train": 3.392820119857788, "Gradient norm": 0.639814019203186, "Learning Rate": 0.001, "Batch": 80, "Instances Seen": 2592, "_timestamp": 1718369713.865268, "_runtime": 52.8864860534668, "_step": 80}