{"Loss/train": 5.298885345458984, "Gradient norm": 2.7769458293914795, "Learning Rate": 0.001, "Batch": 14, "Instances Seen": 480, "_timestamp": 1718044587.032247, "_runtime": 10.371143102645874, "_step": 14}